{"loss": [0.2207648737876265, 0.0106089497446544, 0.004789665170215272, 0.0025648886100850528, 0.0019026107578496406, 0.0014430885950967602, 0.0013350543029069363, 0.00106543658808847, 0.0007930845107677653, 0.0007224176258639525], "accuracy": [98.91891891891892, 99.81981981981983, 99.90990990990991, 100.0, 100.0, 100.0, 100.0, 100.0, 100.0, 100.0]}